{
	"info": {
		"_postman_id": "1d0a46a7-b02a-4ed8-ac8e-e36c7c220934",
		"name": "tweet-app",
		"schema": "https://schema.getpostman.com/json/collection/v2.1.0/collection.json"
	},
	"item": [
		{
			"name": "register",
			"request": {
				"method": "POST",
				"header": [],
				"body": {
					"mode": "raw",
					"raw": "{\n    \"firstName\":\"yogesh\",\n    \"lastName\":\"R\",\n    \"email\":\"t24sdf4@gmail.com\",\n    \"loginId\":\"Im334*5\",\n    \"password\":\"Pass@word3\",\n    \"phoneNumber\":\"\"\n}",
					"options": {
						"raw": {
							"language": "json"
						}
					}
				},
				"url": {
					"raw": "http://localhost:8080/api/v1.0/tweets/register",
					"protocol": "http",
					"host": [
						"localhost"
					],
					"port": "8080",
					"path": [
						"api",
						"v1.0",
						"tweets",
						"register"
					]
				}
			},
			"response": []
		},
		{
			"name": "login",
			"protocolProfileBehavior": {
				"disableBodyPruning": true
			},
			"request": {
				"auth": {
					"type": "noauth"
				},
				"method": "GET",
				"header": [],
				"body": {
					"mode": "raw",
					"raw": "{\n    \"loginId\":\"Im45\",\n    \"password\":\"Pass@word2\"\n}",
					"options": {
						"raw": {
							"language": "json"
						}
					}
				},
				"url": {
					"raw": "http://localhost:8080/api/v1.0/tweets/login",
					"protocol": "http",
					"host": [
						"localhost"
					],
					"port": "8080",
					"path": [
						"api",
						"v1.0",
						"tweets",
						"login"
					]
				}
			},
			"response": []
		},
		{
			"name": "change password",
			"protocolProfileBehavior": {
				"disableBodyPruning": true
			},
			"request": {
				"method": "GET",
				"header": [],
				"body": {
					"mode": "raw",
					"raw": "{\n    \"password\":\"Pass@word2\"\n}",
					"options": {
						"raw": {
							"language": "json"
						}
					}
				},
				"url": {
					"raw": "http://localhost:8080/api/v1.0/tweets/Im45/forgot",
					"protocol": "http",
					"host": [
						"localhost"
					],
					"port": "8080",
					"path": [
						"api",
						"v1.0",
						"tweets",
						"Im45",
						"forgot"
					]
				}
			},
			"response": []
		},
		{
			"name": "post tweet",
			"request": {
				"method": "POST",
				"header": [
					{
						"key": "Authorization",
						"value": "eyJhbGciOiJIUzI1NiJ9.eyJpc3MiOiJUd2VldCBBcHAiLCJzdWIiOiJKd3QgVG9rZW4iLCJ1c2VybmFtZSI6IkltNDUiLCJpYXQiOjE2NTE2NDM5ODIsImV4cCI6MTY1MTY0Njk4Mn0.WPn7cxpLDxAWwl0LOtRTZ_9t1nRj6rg8DFidwE92QQY",
						"type": "text"
					}
				],
				"body": {
					"mode": "raw",
					"raw": "{\n    \"message\":\"\",\n    \"tags\":\"#firsttweet#goodday\"\n}",
					"options": {
						"raw": {
							"language": "json"
						}
					}
				},
				"url": {
					"raw": "http://localhost:8080/api/v1.0/tweets/Im45/add",
					"protocol": "http",
					"host": [
						"localhost"
					],
					"port": "8080",
					"path": [
						"api",
						"v1.0",
						"tweets",
						"Im45",
						"add"
					]
				}
			},
			"response": []
		},
		{
			"name": "update tweet",
			"request": {
				"method": "PUT",
				"header": [
					{
						"warning": "This is a duplicate header and will be overridden by the Authorization header generated by Postman.",
						"key": "Authorization",
						"value": "eyJhbGciOiJIUzI1NiJ9.eyJpc3MiOiJUd2VldCBBcHAiLCJzdWIiOiJKd3QgVG9rZW4iLCJ1c2VybmFtZSI6IkltNDUiLCJpYXQiOjE2NTE2NTUzNzYsImV4cCI6MTY1MTY1ODM3Nn0.4DUcO7SgGRwpRmVelTB_rl_pATkLrIfjBxaNfzDfjlA",
						"type": "text"
					}
				],
				"body": {
					"mode": "raw",
					"raw": "{\n    \"message\":\"what up boii!\"\n}",
					"options": {
						"raw": {
							"language": "json"
						}
					}
				},
				"url": {
					"raw": "http://localhost:8080/api/v1.0/tweets/Im45/update/d03b01fc-6d18-4e86-ae0a-fb04e5872560",
					"protocol": "http",
					"host": [
						"localhost"
					],
					"port": "8080",
					"path": [
						"api",
						"v1.0",
						"tweets",
						"Im45",
						"update",
						"d03b01fc-6d18-4e86-ae0a-fb04e5872560"
					]
				}
			},
			"response": []
		},
		{
			"name": "post reply",
			"request": {
				"method": "POST",
				"header": [],
				"body": {
					"mode": "raw",
					"raw": "{\n    \"message\":\"welcome to tweet app bro!!\"\n}",
					"options": {
						"raw": {
							"language": "json"
						}
					}
				},
				"url": {
					"raw": "http://localhost:8080/api/v1.0/tweets/Im45/reply/d03b01fc-6d18-4e86-ae0a-fb04e5872560",
					"protocol": "http",
					"host": [
						"localhost"
					],
					"port": "8080",
					"path": [
						"api",
						"v1.0",
						"tweets",
						"Im45",
						"reply",
						"d03b01fc-6d18-4e86-ae0a-fb04e5872560"
					]
				}
			},
			"response": []
		},
		{
			"name": "toggle like",
			"request": {
				"method": "PUT",
				"header": [],
				"url": {
					"raw": "http://localhost:8080/api/v1.0/tweets/Im45/like/d03b01fc-6d18-4e86-ae0a-fb04e5872560",
					"protocol": "http",
					"host": [
						"localhost"
					],
					"port": "8080",
					"path": [
						"api",
						"v1.0",
						"tweets",
						"Im45",
						"like",
						"d03b01fc-6d18-4e86-ae0a-fb04e5872560"
					]
				}
			},
			"response": []
		},
		{
			"name": "delete tweet",
			"request": {
				"method": "DELETE",
				"header": [],
				"url": {
					"raw": "http://localhost:8080/api/v1.0/tweets/Im45/delete/d03b01fc-6d18-4e86-ae0a-fb04e5872560",
					"protocol": "http",
					"host": [
						"localhost"
					],
					"port": "8080",
					"path": [
						"api",
						"v1.0",
						"tweets",
						"Im45",
						"delete",
						"d03b01fc-6d18-4e86-ae0a-fb04e5872560"
					]
				}
			},
			"response": []
		},
		{
			"name": "get all tweets",
			"request": {
				"method": "GET",
				"header": [],
				"url": {
					"raw": "http://localhost:8080/api/v1.0/tweets/all",
					"protocol": "http",
					"host": [
						"localhost"
					],
					"port": "8080",
					"path": [
						"api",
						"v1.0",
						"tweets",
						"all"
					]
				}
			},
			"response": []
		},
		{
			"name": "get all users",
			"request": {
				"method": "GET",
				"header": [],
				"url": {
					"raw": "http://localhost:8080/api/v1.0/tweets/users/all",
					"protocol": "http",
					"host": [
						"localhost"
					],
					"port": "8080",
					"path": [
						"api",
						"v1.0",
						"tweets",
						"users",
						"all"
					]
				}
			},
			"response": []
		},
		{
			"name": "search by username",
			"request": {
				"method": "GET",
				"header": [],
				"url": {
					"raw": "http://localhost:8080/api/v1.0/tweets/user/search/Im",
					"protocol": "http",
					"host": [
						"localhost"
					],
					"port": "8080",
					"path": [
						"api",
						"v1.0",
						"tweets",
						"user",
						"search",
						"Im"
					]
				}
			},
			"response": []
		},
		{
			"name": "get all tweets of user",
			"request": {
				"method": "GET",
				"header": [],
				"url": {
					"raw": "http://localhost:8080/api/v1.0/tweets/Im45",
					"protocol": "http",
					"host": [
						"localhost"
					],
					"port": "8080",
					"path": [
						"api",
						"v1.0",
						"tweets",
						"Im45"
					]
				}
			},
			"response": []
		}
	],
	"auth": {
		"type": "bearer",
		"bearer": [
			{
				"key": "token",
				"value": "eyJhbGciOiJIUzI1NiJ9.eyJpc3MiOiJZb2dlc2giLCJzdWIiOiJKd3QgVG9rZW4iLCJ1c2VybmFtZSI6IkltNDUiLCJpYXQiOjE2NTE3MzQ3NTksImV4cCI6MTY1MTczNTA1OX0.BosIWtpoAtxEXZ7KuLEM17JMCpITsdJuxv9rz4mHnpU",
				"type": "string"
			}
		]
	},
	"event": [
		{
			"listen": "prerequest",
			"script": {
				"type": "text/javascript",
				"exec": [
					""
				]
			}
		},
		{
			"listen": "test",
			"script": {
				"type": "text/javascript",
				"exec": [
					""
				]
			}
		}
	]
}